,Store,StoreType,Assortment,CompetitionDistance,CompetitionOpenSinceMonth,CompetitionOpenSinceYear,Promo2,Promo2SinceWeek,Promo2SinceYear,PromoInterval
0,1,3,1,1270,9.0,2008.0,0,0.0,0.0,0
1,2,1,1,570,11.0,2007.0,1,13.0,2010.0,2
2,3,1,1,14130,12.0,2006.0,1,14.0,2011.0,2
3,4,3,3,620,9.0,2009.0,0,0.0,0.0,0
4,5,1,1,29910,4.0,2015.0,0,0.0,0.0,0
5,6,1,1,310,12.0,2013.0,0,0.0,0.0,0
6,7,1,3,24000,4.0,2013.0,0,0.0,0.0,0
7,8,1,1,7520,10.0,2014.0,0,0.0,0.0,0
8,9,1,3,2030,8.0,2000.0,0,0.0,0.0,0
9,10,1,1,3160,9.0,2009.0,0,0.0,0.0,0
10,11,1,3,960,11.0,2011.0,1,1.0,2012.0,2
11,12,1,3,1070,9.0,2013.0,1,13.0,2010.0,2
12,13,4,1,310,9.0,2013.0,1,45.0,2009.0,1
13,14,1,1,1300,3.0,2014.0,1,40.0,2011.0,2
14,15,4,3,4110,3.0,2010.0,1,14.0,2011.0,2
15,16,1,3,3270,9.0,2013.0,0,0.0,0.0,0
16,17,1,1,50,12.0,2005.0,1,26.0,2010.0,2
17,18,4,3,13840,6.0,2010.0,1,14.0,2012.0,2
18,19,1,3,3240,9.0,2013.0,1,22.0,2011.0,3
19,20,4,1,2340,5.0,2009.0,1,40.0,2014.0,2
20,21,3,3,550,10.0,1999.0,1,45.0,2009.0,2
21,22,1,1,1040,9.0,2013.0,1,22.0,2012.0,2
22,23,4,1,4060,8.0,2005.0,0,0.0,0.0,0
23,24,1,3,4590,3.0,2000.0,1,40.0,2011.0,2
24,25,3,1,430,4.0,2003.0,0,0.0,0.0,0
25,26,4,1,2300,9.0,2013.0,0,0.0,0.0,0
26,27,1,1,60,1.0,2005.0,1,5.0,2011.0,2
27,28,1,1,1200,10.0,2014.0,1,6.0,2015.0,3
28,29,4,3,2170,9.0,2013.0,0,0.0,0.0,0
29,30,1,1,40,2.0,2014.0,1,10.0,2014.0,3
30,31,4,3,9800,7.0,2012.0,0,0.0,0.0,0
31,32,1,1,2910,9.0,2013.0,1,45.0,2009.0,1
32,33,1,3,1320,5.0,2013.0,0,0.0,0.0,0
33,34,3,1,2240,9.0,2009.0,0,0.0,0.0,0
34,35,4,3,7660,10.0,2000.0,1,1.0,2012.0,2
35,36,1,3,540,6.0,2003.0,1,40.0,2014.0,2
36,37,3,1,4230,12.0,2014.0,0,0.0,0.0,0
37,38,4,1,1090,4.0,2007.0,0,0.0,0.0,0
38,39,1,1,260,10.0,2006.0,1,31.0,2013.0,1
39,40,1,1,180,9.0,2013.0,1,45.0,2009.0,1
40,41,4,3,1180,9.0,2013.0,1,31.0,2013.0,2
41,42,1,3,290,9.0,2013.0,1,40.0,2011.0,2
42,43,4,1,4880,9.0,2013.0,1,37.0,2009.0,2
43,44,1,1,540,6.0,2011.0,0,0.0,0.0,0
44,45,4,1,9710,2.0,2014.0,0,0.0,0.0,0
45,46,3,1,1200,9.0,2005.0,1,14.0,2011.0,2
46,47,1,3,270,4.0,2013.0,1,14.0,2013.0,2
47,48,1,1,1060,5.0,2012.0,0,0.0,0.0,0
48,49,4,3,18010,9.0,2007.0,0,0.0,0.0,0
49,50,4,1,6260,11.0,2009.0,0,0.0,0.0,0
50,51,1,3,10570,7.0,2013.0,1,9.0,2011.0,2
51,52,4,3,450,4.0,2014.0,1,39.0,2010.0,2
52,53,1,3,30360,9.0,2013.0,0,0.0,0.0,0
53,54,4,3,7170,8.0,2014.0,1,5.0,2013.0,1
54,55,1,1,720,11.0,2004.0,0,0.0,0.0,0
55,56,4,3,6620,3.0,2012.0,1,10.0,2014.0,3
56,57,4,3,420,6.0,2014.0,0,0.0,0.0,0
57,58,1,3,7340,5.0,2008.0,1,27.0,2012.0,2
58,59,1,3,2840,6.0,2007.0,1,14.0,2011.0,2
59,60,4,3,5540,10.0,2009.0,0,0.0,0.0,0
60,61,1,3,350,12.0,2007.0,1,1.0,2012.0,2
61,62,1,1,2050,9.0,2013.0,0,0.0,0.0,0
62,63,3,3,3700,6.0,2010.0,1,18.0,2010.0,1
63,64,4,3,22560,9.0,2013.0,1,14.0,2013.0,2
64,65,1,3,13840,5.0,2010.0,1,1.0,2012.0,2
65,66,4,1,7660,9.0,2013.0,1,37.0,2009.0,2
66,67,1,3,410,2.0,2006.0,0,0.0,0.0,0
67,68,1,3,250,9.0,2013.0,1,35.0,2012.0,3
68,69,3,3,1130,9.0,2013.0,1,40.0,2011.0,2
69,70,3,3,4840,9.0,2013.0,0,0.0,0.0,0
70,71,1,1,17500,8.0,2008.0,1,37.0,2009.0,3
71,72,1,1,2200,12.0,2009.0,1,13.0,2010.0,2
72,73,1,3,1650,9.0,2008.0,0,0.0,0.0,0
73,74,1,1,330,9.0,2013.0,0,0.0,0.0,0
74,75,4,3,22440,12.0,2013.0,0,0.0,0.0,0
75,76,4,3,19960,3.0,2006.0,0,0.0,0.0,0
76,77,4,3,1090,8.0,2009.0,1,10.0,2014.0,2
77,78,1,1,3510,11.0,2006.0,1,5.0,2013.0,1
78,79,1,1,3320,9.0,2013.0,0,0.0,0.0,0
79,80,4,1,7910,9.0,2013.0,0,0.0,0.0,0
80,81,1,1,2370,3.0,2011.0,1,40.0,2014.0,2
81,82,1,1,22390,4.0,2008.0,1,37.0,2009.0,2
82,83,1,1,2710,9.0,2013.0,0,0.0,0.0,0
83,84,1,3,11810,8.0,2014.0,0,0.0,0.0,0
84,85,2,1,1870,10.0,2011.0,0,0.0,0.0,0
85,86,1,1,480,2.0,2005.0,1,31.0,2013.0,2
86,87,1,1,560,12.0,2010.0,0,0.0,0.0,0
87,88,1,1,10690,10.0,2005.0,0,0.0,0.0,0
88,89,1,1,2380,7.0,2004.0,1,40.0,2014.0,2
89,90,1,1,330,11.0,2007.0,0,0.0,0.0,0
90,91,3,1,2410,9.0,2013.0,1,35.0,2011.0,2
91,92,3,1,240,9.0,2013.0,1,45.0,2009.0,1
92,93,1,1,16690,9.0,2013.0,1,14.0,2011.0,2
93,94,4,3,14620,9.0,2013.0,0,0.0,0.0,0
94,95,1,1,1890,10.0,2014.0,0,0.0,0.0,0
95,96,1,1,8780,2.0,2005.0,1,37.0,2009.0,2
96,97,4,3,8980,9.0,2013.0,0,0.0,0.0,0
97,98,4,3,15140,12.0,2006.0,1,1.0,2012.0,2
98,99,3,3,2030,11.0,2003.0,1,22.0,2012.0,3
99,100,4,1,17930,9.0,2013.0,0,0.0,0.0,0
100,101,4,3,2440,9.0,2013.0,1,22.0,2012.0,3
101,102,1,1,150,12.0,2007.0,1,10.0,2014.0,3
102,103,4,3,5210,5.0,2015.0,0,0.0,0.0,0
103,104,1,1,390,6.0,2009.0,0,0.0,0.0,0
104,105,1,3,6190,9.0,2013.0,1,23.0,2013.0,3
105,106,1,1,1390,8.0,2013.0,0,0.0,0.0,0
106,107,1,1,1930,9.0,2009.0,0,0.0,0.0,0
107,108,4,3,2190,9.0,2003.0,0,0.0,0.0,0
108,109,1,3,3300,11.0,2010.0,0,0.0,0.0,0
109,110,1,3,46590,4.0,2013.0,0,0.0,0.0,0
110,111,4,3,7890,9.0,2013.0,1,37.0,2009.0,2
111,112,1,1,1630,9.0,2009.0,0,0.0,0.0,0
112,113,4,3,20930,11.0,1999.0,0,0.0,0.0,0
113,114,3,1,4510,9.0,2013.0,1,48.0,2011.0,3
114,115,4,3,5740,4.0,2007.0,1,40.0,2014.0,2
115,116,1,1,680,4.0,2013.0,0,0.0,0.0,0
116,117,1,1,3450,9.0,2011.0,0,0.0,0.0,0
117,118,4,3,3580,9.0,2012.0,0,0.0,0.0,0
118,119,1,3,2100,2.0,2010.0,0,0.0,0.0,0
119,120,4,1,2290,12.0,2014.0,1,37.0,2009.0,2
120,121,1,1,3570,11.0,2009.0,1,36.0,2013.0,3
121,122,1,3,58260,4.0,2013.0,0,0.0,0.0,0
122,123,1,1,16760,9.0,2011.0,0,0.0,0.0,0
123,124,1,1,1410,4.0,2003.0,0,0.0,0.0,0
124,125,1,1,760,12.0,2005.0,0,0.0,0.0,0
125,126,4,1,3370,10.0,2014.0,1,18.0,2011.0,1
126,127,4,1,1350,12.0,2005.0,1,13.0,2010.0,2
127,128,4,3,2000,9.0,2013.0,1,1.0,2013.0,2
128,129,1,1,2460,9.0,2013.0,1,14.0,2011.0,2
129,130,3,1,900,9.0,2013.0,1,13.0,2010.0,2
130,131,3,1,920,7.0,2015.0,0,0.0,0.0,0
131,132,4,3,1040,9.0,2013.0,1,27.0,2012.0,2
132,133,1,1,270,8.0,2013.0,1,10.0,2014.0,3
133,134,1,1,1200,9.0,2008.0,0,0.0,0.0,0
134,135,4,1,5190,9.0,2013.0,1,1.0,2013.0,2
135,136,1,3,2200,12.0,2010.0,1,22.0,2012.0,1
136,137,1,1,1730,7.0,2015.0,1,40.0,2014.0,2
137,138,1,3,25360,10.0,2014.0,0,0.0,0.0,0
138,139,1,1,1700,1.0,2008.0,1,14.0,2011.0,2
139,140,1,3,1090,7.0,2010.0,1,1.0,2013.0,2
140,141,3,3,1540,9.0,2013.0,1,22.0,2012.0,3
141,142,1,1,1090,7.0,2002.0,0,0.0,0.0,0
142,143,4,1,2930,12.0,2002.0,0,0.0,0.0,0
143,144,1,3,16570,9.0,2013.0,0,0.0,0.0,0
144,145,1,1,280,9.0,2013.0,1,45.0,2009.0,1
145,146,4,3,8050,10.0,1961.0,1,48.0,2012.0,2
146,147,4,3,8540,9.0,2013.0,0,0.0,0.0,0
147,148,1,1,2090,12.0,2008.0,0,0.0,0.0,0
148,149,4,1,2610,7.0,2006.0,1,14.0,2011.0,2
149,150,3,3,31830,3.0,2010.0,0,0.0,0.0,0
150,151,4,3,4360,10.0,2005.0,0,0.0,0.0,0
151,152,1,1,1780,9.0,2013.0,0,0.0,0.0,0
152,153,1,1,16240,10.0,2000.0,1,18.0,2011.0,1
153,154,4,3,16420,9.0,2013.0,0,0.0,0.0,0
154,155,4,1,3050,9.0,2013.0,1,35.0,2010.0,2
155,156,1,1,2020,2.0,2011.0,1,14.0,2011.0,3
156,157,1,3,2950,10.0,2004.0,0,0.0,0.0,0
157,158,4,3,11840,9.0,2013.0,1,31.0,2009.0,1
158,159,4,1,8530,3.0,2013.0,0,0.0,0.0,0
159,160,4,3,17110,11.0,2005.0,0,0.0,0.0,0
160,161,1,3,2970,3.0,2005.0,0,0.0,0.0,0
161,162,4,3,5340,3.0,2012.0,1,13.0,2010.0,2
162,163,1,1,1480,4.0,2009.0,0,0.0,0.0,0
163,164,1,1,1160,9.0,2005.0,1,13.0,2010.0,2
164,165,1,1,3720,4.0,2005.0,1,13.0,2010.0,2
165,166,1,3,100,4.0,2014.0,1,31.0,2013.0,2
166,167,1,1,140,4.0,2008.0,0,0.0,0.0,0
167,168,1,1,12540,9.0,2013.0,0,0.0,0.0,0
168,169,4,1,980,7.0,2014.0,1,18.0,2014.0,1
169,170,1,1,1070,5.0,2015.0,1,14.0,2011.0,2
170,171,1,1,2640,9.0,2013.0,0,0.0,0.0,0
171,172,1,1,110,9.0,2013.0,1,40.0,2014.0,2
172,173,1,1,350,12.0,2012.0,0,0.0,0.0,0
173,174,1,1,13090,9.0,2013.0,1,22.0,2012.0,2
174,175,3,1,4130,9.0,2013.0,0,0.0,0.0,0
175,176,1,1,3770,9.0,2013.0,0,0.0,0.0,0
176,177,1,1,1250,2.0,2004.0,1,5.0,2013.0,1
177,178,4,1,1710,9.0,2013.0,0,0.0,0.0,0
178,179,1,3,480,9.0,2013.0,0,0.0,0.0,0
179,180,4,1,5800,9.0,2010.0,0,0.0,0.0,0
180,181,1,1,12610,3.0,2013.0,1,14.0,2011.0,2
181,182,4,3,1390,9.0,2013.0,1,9.0,2011.0,3
182,183,1,1,9670,9.0,2013.0,0,0.0,0.0,0
183,184,4,3,3560,9.0,2013.0,0,0.0,0.0,0
184,185,4,3,1860,5.0,2015.0,0,0.0,0.0,0
185,186,1,1,290,10.0,2011.0,1,40.0,2014.0,2
186,187,1,3,19360,9.0,2013.0,0,0.0,0.0,0
187,188,4,1,850,9.0,2013.0,1,18.0,2011.0,1
188,189,4,1,5760,7.0,2014.0,0,0.0,0.0,0
189,190,1,1,1470,12.0,2006.0,1,40.0,2014.0,2
190,191,1,1,1100,8.0,2013.0,1,40.0,2014.0,2
191,192,4,3,2770,3.0,2008.0,1,40.0,2014.0,2
192,193,1,1,520,9.0,2013.0,0,0.0,0.0,0
193,194,4,3,16970,9.0,2013.0,1,5.0,2013.0,1
194,195,1,3,220,9.0,2013.0,0,0.0,0.0,0
195,196,3,1,3850,11.0,2005.0,1,14.0,2011.0,2
196,197,3,1,4210,3.0,2015.0,0,0.0,0.0,0
197,198,1,1,290,9.0,2002.0,1,13.0,2010.0,2
198,199,4,3,6360,12.0,2010.0,1,14.0,2012.0,3
199,200,1,1,1650,10.0,2000.0,0,0.0,0.0,0
200,201,4,1,20260,9.0,2013.0,1,18.0,2014.0,3
201,202,4,3,5140,5.0,2010.0,0,0.0,0.0,0
202,203,3,3,490,11.0,2002.0,0,0.0,0.0,0
203,204,1,1,5630,12.0,2002.0,1,40.0,2014.0,2
204,205,1,1,110,12.0,2007.0,0,0.0,0.0,0
205,206,1,3,380,9.0,2013.0,1,14.0,2012.0,2
206,207,1,1,6870,9.0,2013.0,0,0.0,0.0,0
207,208,3,1,300,4.0,2006.0,0,0.0,0.0,0
208,209,1,3,11680,9.0,2011.0,1,31.0,2013.0,2
209,210,4,1,970,11.0,1999.0,1,5.0,2013.0,1
210,211,1,3,350,11.0,2006.0,0,0.0,0.0,0
211,212,1,3,15050,9.0,2008.0,0,0.0,0.0,0
212,213,4,3,4030,3.0,2014.0,1,1.0,2014.0,2
213,214,4,1,8650,7.0,2013.0,1,10.0,2014.0,2
214,215,4,1,150,9.0,2013.0,1,45.0,2009.0,1
215,216,3,1,190,9.0,2013.0,1,45.0,2009.0,1
216,217,3,1,3150,9.0,2013.0,0,0.0,0.0,0
217,218,1,3,640,9.0,2013.0,1,9.0,2011.0,3
218,219,1,1,1640,2.0,2013.0,0,0.0,0.0,0
219,220,1,1,1000,9.0,2008.0,0,0.0,0.0,0
220,221,4,3,13530,9.0,2013.0,0,0.0,0.0,0
221,222,1,1,2170,11.0,2008.0,0,0.0,0.0,0
222,223,4,3,2920,10.0,1995.0,1,27.0,2011.0,2
223,224,4,3,7930,9.0,2013.0,1,1.0,2013.0,2
224,225,4,1,10180,5.0,2015.0,0,0.0,0.0,0
225,226,1,1,450,9.0,2013.0,0,0.0,0.0,0
226,227,1,1,2370,9.0,2013.0,0,0.0,0.0,0
227,228,4,3,10800,9.0,2013.0,1,18.0,2011.0,1
228,229,4,3,17410,4.0,2007.0,1,14.0,2011.0,2
229,230,4,3,6680,9.0,2013.0,0,0.0,0.0,0
230,231,4,3,3840,10.0,2008.0,1,39.0,2010.0,1
231,232,3,3,13570,5.0,2010.0,1,10.0,2013.0,3
232,233,1,1,1890,9.0,2013.0,0,0.0,0.0,0
233,234,4,1,4370,9.0,2013.0,0,0.0,0.0,0
234,235,1,1,5710,3.0,2012.0,1,37.0,2009.0,2
235,236,1,1,1000,11.0,2007.0,0,0.0,0.0,0
236,237,1,1,1420,11.0,2007.0,0,0.0,0.0,0
237,238,1,1,320,9.0,2013.0,1,45.0,2009.0,1
238,239,4,3,610,9.0,2013.0,0,0.0,0.0,0
239,240,1,1,1110,5.0,2009.0,0,0.0,0.0,0
240,241,4,3,780,9.0,2013.0,0,0.0,0.0,0
241,242,4,1,6880,9.0,2001.0,1,14.0,2011.0,2
242,243,1,1,310,9.0,2013.0,1,5.0,2013.0,1
243,244,4,1,710,3.0,2012.0,1,1.0,2012.0,2
244,245,1,3,1310,9.0,2013.0,0,0.0,0.0,0
245,246,3,1,4660,4.0,2013.0,0,0.0,0.0,0
246,247,4,3,70,11.0,2010.0,1,5.0,2013.0,1
247,248,1,3,340,9.0,2012.0,1,40.0,2012.0,2
248,249,4,3,18010,9.0,2014.0,0,0.0,0.0,0
249,250,4,1,3520,9.0,2013.0,1,18.0,2012.0,1
250,251,1,3,340,9.0,2013.0,0,0.0,0.0,0
251,252,4,3,22330,9.0,2013.0,1,5.0,2010.0,1
252,253,1,3,250,9.0,2013.0,1,5.0,2013.0,1
253,254,4,1,330,3.0,2008.0,1,1.0,2012.0,3
254,255,3,3,4630,3.0,2011.0,1,35.0,2011.0,1
255,256,1,3,80,9.0,2005.0,1,10.0,2014.0,3
256,257,1,1,420,12.0,2012.0,0,0.0,0.0,0
257,258,1,1,27190,7.0,2010.0,1,37.0,2009.0,2
258,259,2,2,210,9.0,2013.0,0,0.0,0.0,0
259,260,1,1,540,10.0,2011.0,0,0.0,0.0,0
260,261,4,3,15340,4.0,2015.0,1,39.0,2009.0,2
261,262,2,1,1180,5.0,2013.0,0,0.0,0.0,0
262,263,1,3,1140,5.0,2013.0,1,40.0,2014.0,2
263,264,1,1,180,3.0,2014.0,0,0.0,0.0,0
264,265,1,1,4580,9.0,2013.0,1,14.0,2015.0,2
265,266,1,3,360,3.0,2014.0,1,9.0,2011.0,3
266,267,3,1,2460,1.0,2012.0,0,0.0,0.0,0
267,268,1,1,4520,2.0,2014.0,0,0.0,0.0,0
268,269,1,3,60,6.0,2015.0,0,0.0,0.0,0
269,270,1,1,1450,7.0,2014.0,0,0.0,0.0,0
270,271,1,1,420,9.0,2013.0,1,14.0,2011.0,2
271,272,1,1,16180,7.0,2003.0,1,14.0,2011.0,2
272,273,1,3,8480,9.0,2013.0,0,0.0,0.0,0
273,274,2,2,3640,9.0,2013.0,1,10.0,2013.0,2
274,275,4,1,300,5.0,2014.0,1,40.0,2014.0,2
275,276,1,1,2960,10.0,2014.0,1,36.0,2013.0,3
276,277,4,3,7840,9.0,2013.0,1,31.0,2009.0,1
277,278,1,3,9260,2.0,2010.0,0,0.0,0.0,0
278,279,4,3,2320,9.0,2013.0,1,40.0,2012.0,2
279,280,4,3,18640,9.0,2013.0,1,10.0,2014.0,3
280,281,4,3,6970,9.0,2011.0,0,0.0,0.0,0
281,282,1,1,1220,12.0,2010.0,0,0.0,0.0,0
282,283,1,1,2260,9.0,2013.0,1,40.0,2014.0,2
283,284,4,1,1290,9.0,2013.0,1,40.0,2014.0,2
284,285,1,1,2410,9.0,2013.0,0,0.0,0.0,0
285,286,1,1,1460,4.0,2015.0,0,0.0,0.0,0
286,287,3,1,2740,5.0,2009.0,1,40.0,2014.0,2
287,288,4,1,800,9.0,2013.0,1,14.0,2011.0,3
288,289,4,1,6540,12.0,2007.0,0,0.0,0.0,0
289,290,1,1,4150,5.0,2001.0,0,0.0,0.0,0
290,291,4,1,2325,9.0,2013.0,0,0.0,0.0,0
291,292,1,1,1100,6.0,2009.0,0,0.0,0.0,0
292,293,3,3,140,11.0,2007.0,0,0.0,0.0,0
293,294,1,1,3150,5.0,2005.0,0,0.0,0.0,0
294,295,1,1,210,11.0,2000.0,1,36.0,2013.0,3
295,296,1,1,9580,5.0,2007.0,1,45.0,2014.0,1
296,297,1,1,2300,9.0,2010.0,0,0.0,0.0,0
297,298,4,1,19840,7.0,2009.0,0,0.0,0.0,0
298,299,4,3,38630,9.0,2012.0,0,0.0,0.0,0
299,300,1,3,120,4.0,2009.0,1,1.0,2012.0,2
300,301,1,3,4510,3.0,2015.0,0,0.0,0.0,0
301,302,4,3,2190,12.0,2007.0,1,9.0,2011.0,3
302,303,1,1,15430,11.0,2012.0,1,18.0,2011.0,1
303,304,1,1,1950,7.0,2015.0,0,0.0,0.0,0
304,305,3,3,2470,2.0,2005.0,1,31.0,2013.0,3
305,306,1,1,5100,4.0,2007.0,1,40.0,2014.0,2
306,307,1,1,18660,9.0,2002.0,0,0.0,0.0,0
307,308,1,1,1070,12.0,2006.0,1,13.0,2010.0,2
308,309,4,1,8740,9.0,2013.0,1,37.0,2009.0,1
309,310,1,3,2290,9.0,2013.0,1,10.0,2014.0,3
310,311,1,3,680,7.0,2005.0,0,0.0,0.0,0
311,312,4,1,11300,3.0,2012.0,0,0.0,0.0,0
312,313,4,3,14160,9.0,2013.0,0,0.0,0.0,0
313,314,1,1,3560,10.0,2001.0,1,31.0,2013.0,1
314,315,1,3,38710,4.0,2013.0,0,0.0,0.0,0
315,316,4,1,9000,8.0,2001.0,0,0.0,0.0,0
316,317,4,1,3140,7.0,2013.0,1,14.0,2011.0,2
317,318,4,3,32330,3.0,2014.0,0,0.0,0.0,0
318,319,1,3,570,9.0,2012.0,1,27.0,2012.0,3
319,320,1,3,210,9.0,2012.0,0,0.0,0.0,0
320,321,3,3,8140,11.0,2013.0,1,10.0,2014.0,3
321,322,1,1,17500,4.0,2001.0,1,37.0,2009.0,2
322,323,4,3,8400,4.0,2012.0,1,5.0,2013.0,1
323,324,1,1,13140,9.0,2013.0,1,14.0,2011.0,2
324,325,1,3,350,3.0,2011.0,1,22.0,2011.0,1
325,326,4,1,10070,5.0,2015.0,1,31.0,2013.0,1
326,327,3,3,1390,12.0,2004.0,0,0.0,0.0,0
327,328,1,1,3130,7.0,2002.0,0,0.0,0.0,0
328,329,1,1,1310,6.0,1990.0,1,22.0,2012.0,3
329,330,1,3,370,9.0,2013.0,1,22.0,2012.0,3
330,331,1,3,670,9.0,2013.0,1,14.0,2015.0,2
331,332,1,1,1840,3.0,2006.0,0,0.0,0.0,0
332,333,1,3,3720,2.0,2010.0,0,0.0,0.0,0
333,334,4,3,4040,8.0,2008.0,1,18.0,2013.0,3
334,335,2,1,90,9.0,2013.0,1,31.0,2013.0,2
335,336,1,1,190,7.0,2014.0,0,0.0,0.0,0
336,337,4,3,10600,7.0,2005.0,1,45.0,2014.0,1
337,338,1,3,1590,9.0,2013.0,1,37.0,2009.0,2
338,339,1,3,2280,9.0,2013.0,1,10.0,2013.0,3
339,340,1,3,8080,9.0,2013.0,0,0.0,0.0,0
340,341,1,1,190,9.0,2011.0,0,0.0,0.0,0
341,342,4,3,15770,9.0,2013.0,1,40.0,2014.0,2
342,343,4,1,18650,4.0,2004.0,1,14.0,2014.0,2
343,344,1,3,300,4.0,2011.0,1,14.0,2011.0,2
344,345,1,1,120,9.0,2013.0,1,22.0,2012.0,2
345,346,1,3,8090,9.0,2013.0,0,0.0,0.0,0
346,347,4,3,9360,7.0,2013.0,1,22.0,2012.0,3
347,348,1,1,16490,9.0,2013.0,1,22.0,2012.0,2
348,349,3,3,1490,4.0,2009.0,0,0.0,0.0,0
349,350,4,1,8880,9.0,2013.0,1,14.0,2011.0,2
350,351,1,1,5290,11.0,2012.0,1,5.0,2013.0,1
351,352,4,3,6360,9.0,2013.0,1,40.0,2012.0,3
352,353,2,2,900,9.0,2013.0,1,14.0,2013.0,1
353,354,4,3,1500,10.0,2005.0,0,0.0,0.0,0
354,355,1,3,9720,8.0,2013.0,0,0.0,0.0,0
355,356,4,3,8970,12.0,2007.0,1,22.0,2012.0,1
356,357,1,1,2060,10.0,2008.0,0,0.0,0.0,0
357,358,1,1,2890,10.0,2003.0,0,0.0,0.0,0
358,359,4,3,4370,9.0,2013.0,0,0.0,0.0,0
359,360,1,1,2040,6.0,2007.0,0,0.0,0.0,0
360,361,3,3,4490,5.0,2014.0,1,5.0,2013.0,1
361,362,3,3,340,9.0,2013.0,0,0.0,0.0,0
362,363,1,1,250,9.0,2009.0,0,0.0,0.0,0
363,364,1,3,13620,9.0,2013.0,1,10.0,2014.0,3
364,365,3,1,2410,9.0,2013.0,1,45.0,2009.0,1
365,366,4,3,6470,12.0,2004.0,0,0.0,0.0,0
366,367,4,3,2640,9.0,2012.0,0,0.0,0.0,0
367,368,4,3,1450,4.0,2005.0,1,45.0,2009.0,1
368,369,4,3,5870,4.0,2014.0,0,0.0,0.0,0
369,370,4,1,8250,10.0,2000.0,1,31.0,2009.0,2
370,371,4,3,1970,7.0,2009.0,1,45.0,2014.0,1
371,372,4,3,4880,8.0,2010.0,1,18.0,2014.0,2
372,373,4,3,11120,9.0,2013.0,1,22.0,2012.0,2
373,374,1,1,1150,9.0,2007.0,0,0.0,0.0,0
374,375,1,3,15710,2.0,2013.0,1,37.0,2009.0,2
375,376,1,1,160,8.0,2012.0,0,0.0,0.0,0
376,377,1,3,100,6.0,2010.0,1,18.0,2010.0,1
377,378,1,3,2140,8.0,2012.0,0,0.0,0.0,0
378,379,4,1,6630,9.0,2013.0,0,0.0,0.0,0
379,380,1,1,2240,5.0,2013.0,1,10.0,2014.0,3
380,381,1,1,1800,11.0,2006.0,1,5.0,2013.0,1
381,382,3,3,26130,11.0,2002.0,0,0.0,0.0,0
382,383,1,3,350,9.0,2013.0,0,0.0,0.0,0
383,384,1,3,130,9.0,2013.0,1,14.0,2011.0,2
384,385,4,1,4580,9.0,2007.0,0,0.0,0.0,0
385,386,4,3,1460,4.0,2014.0,1,31.0,2013.0,2
386,387,3,1,210,9.0,2013.0,1,36.0,2013.0,3
387,388,1,1,2260,9.0,2013.0,0,0.0,0.0,0
388,389,1,3,6690,8.0,2011.0,0,0.0,0.0,0
389,390,1,3,1600,4.0,2009.0,0,0.0,0.0,0
390,391,1,1,460,11.0,2014.0,1,31.0,2013.0,1
391,392,1,1,2120,9.0,2013.0,0,0.0,0.0,0
392,393,4,3,4820,3.0,2008.0,0,0.0,0.0,0
393,394,4,1,10850,9.0,2013.0,0,0.0,0.0,0
394,395,1,1,3620,2.0,2013.0,0,0.0,0.0,0
395,396,1,3,23130,9.0,2013.0,0,0.0,0.0,0
396,397,1,3,130,9.0,2013.0,1,27.0,2013.0,1
397,398,3,3,1540,9.0,2013.0,1,1.0,2012.0,2
398,399,1,1,5360,9.0,2012.0,1,40.0,2011.0,2
399,400,1,1,70,11.0,2004.0,1,14.0,2011.0,2
400,401,1,3,9200,10.0,2009.0,1,14.0,2012.0,2
401,402,3,3,5830,9.0,2011.0,1,13.0,2010.0,2
402,403,1,1,4970,7.0,2015.0,0,0.0,0.0,0
403,404,1,3,1420,9.0,2013.0,1,10.0,2013.0,3
404,405,1,1,1080,4.0,2008.0,1,14.0,2011.0,2
405,406,4,3,8240,3.0,2001.0,1,10.0,2013.0,1
406,407,1,1,5890,10.0,2003.0,1,14.0,2011.0,1
407,408,3,1,1560,9.0,2013.0,1,45.0,2009.0,1
408,409,4,3,840,9.0,2013.0,1,1.0,2013.0,2
409,410,3,1,40,11.0,2011.0,1,22.0,2012.0,3
410,411,4,3,8460,9.0,2013.0,0,0.0,0.0,0
411,412,4,3,4460,9.0,2013.0,1,39.0,2010.0,2
412,413,1,3,760,9.0,2014.0,0,0.0,0.0,0
413,414,4,3,6210,9.0,2013.0,1,1.0,2013.0,2
414,415,4,3,6910,4.0,2005.0,0,0.0,0.0,0
415,416,1,3,4650,6.0,2014.0,0,0.0,0.0,0
416,417,1,3,840,9.0,2013.0,1,10.0,2014.0,2
417,418,1,1,1060,5.0,2009.0,1,27.0,2011.0,1
418,419,3,1,1620,9.0,2009.0,0,0.0,0.0,0
419,420,4,3,250,9.0,2013.0,1,27.0,2012.0,2
420,421,3,3,3530,6.0,2012.0,1,35.0,2012.0,3
421,422,1,3,2880,9.0,2013.0,0,0.0,0.0,0
422,423,2,1,1270,5.0,2014.0,0,0.0,0.0,0
423,424,4,3,1250,9.0,2013.0,1,40.0,2011.0,2
424,425,4,3,1460,9.0,2013.0,0,0.0,0.0,0
425,426,1,1,250,9.0,2013.0,0,0.0,0.0,0
426,427,1,3,70,7.0,2005.0,1,13.0,2010.0,2
427,428,4,1,2960,12.0,2014.0,1,23.0,2015.0,3
428,429,4,3,16350,7.0,2005.0,1,31.0,2013.0,2
429,430,4,3,12870,10.0,2008.0,0,0.0,0.0,0
430,431,4,3,4520,9.0,2013.0,0,0.0,0.0,0
431,432,1,1,810,5.0,2013.0,0,0.0,0.0,0
432,433,1,3,30030,11.0,2010.0,0,0.0,0.0,0
433,434,1,1,13020,8.0,2003.0,1,40.0,2014.0,2
434,435,1,1,910,9.0,2013.0,0,0.0,0.0,0
435,436,4,1,2300,9.0,2013.0,0,0.0,0.0,0
436,437,3,3,430,9.0,2013.0,1,50.0,2010.0,2
437,438,4,3,1110,9.0,2013.0,1,40.0,2012.0,2
438,439,1,1,1350,9.0,2009.0,0,0.0,0.0,0
439,440,4,1,3900,4.0,2005.0,1,45.0,2009.0,1
440,441,4,1,2530,9.0,2013.0,0,0.0,0.0,0
441,442,3,1,500,9.0,2013.0,1,45.0,2009.0,1
442,443,4,1,11400,12.0,2005.0,0,0.0,0.0,0
443,444,3,1,1700,11.0,2009.0,0,0.0,0.0,0
444,445,1,1,240,9.0,2013.0,0,0.0,0.0,0
445,446,1,1,340,10.0,2000.0,1,31.0,2013.0,1
446,447,1,3,1510,9.0,2013.0,0,0.0,0.0,0
447,448,1,3,3970,9.0,2009.0,0,0.0,0.0,0
448,449,1,3,120,12.0,2014.0,1,37.0,2009.0,2
449,450,3,1,5780,11.0,1994.0,1,10.0,2014.0,3
450,451,1,1,2460,4.0,2009.0,1,13.0,2010.0,2
451,452,1,3,1850,8.0,2013.0,1,5.0,2011.0,1
452,453,1,3,75860,9.0,2013.0,0,0.0,0.0,0
453,454,1,1,26450,9.0,2013.0,0,0.0,0.0,0
454,455,4,3,7660,9.0,2010.0,0,0.0,0.0,0
455,456,1,3,140,9.0,2013.0,0,0.0,0.0,0
456,457,4,3,13140,9.0,2013.0,1,31.0,2013.0,2
457,458,3,1,3390,9.0,2013.0,0,0.0,0.0,0
458,459,1,1,250,9.0,2008.0,1,5.0,2013.0,1
459,460,1,1,34050,4.0,2008.0,0,0.0,0.0,0
460,461,4,3,1790,7.0,2013.0,1,40.0,2013.0,2
461,462,1,1,44320,8.0,2008.0,0,0.0,0.0,0
462,463,1,1,4160,9.0,2013.0,0,0.0,0.0,0
463,464,3,1,520,3.0,2009.0,0,0.0,0.0,0
464,465,4,3,10890,4.0,2005.0,0,0.0,0.0,0
465,466,1,3,3110,3.0,2003.0,0,0.0,0.0,0
466,467,1,3,20390,4.0,2008.0,0,0.0,0.0,0
467,468,3,3,5260,9.0,2012.0,0,0.0,0.0,0
468,469,3,3,710,9.0,2005.0,0,0.0,0.0,0
469,470,1,3,50,9.0,2013.0,0,0.0,0.0,0
470,471,4,1,5300,9.0,2013.0,1,45.0,2009.0,1
471,472,3,3,5030,8.0,2011.0,0,0.0,0.0,0
472,473,1,1,50,9.0,2013.0,0,0.0,0.0,0
473,474,3,1,14810,9.0,2013.0,1,14.0,2011.0,3
474,475,1,1,140,9.0,2005.0,0,0.0,0.0,0
475,476,4,1,8300,9.0,2006.0,0,0.0,0.0,0
476,477,4,1,770,7.0,2010.0,1,35.0,2010.0,2
477,478,4,3,1940,3.0,2012.0,0,0.0,0.0,0
478,479,1,1,320,12.0,2005.0,1,9.0,2011.0,1
479,480,1,1,300,11.0,2012.0,0,0.0,0.0,0
480,481,3,3,7470,9.0,2013.0,1,44.0,2012.0,1
481,482,3,1,2550,10.0,2005.0,0,0.0,0.0,0
482,483,1,3,2310,9.0,2011.0,1,13.0,2010.0,2
483,484,1,3,14300,3.0,2011.0,0,0.0,0.0,0
484,485,4,3,3270,9.0,2013.0,1,22.0,2012.0,2
485,486,1,1,2320,9.0,2013.0,1,31.0,2013.0,2
486,487,4,3,2180,9.0,2012.0,1,40.0,2012.0,2
487,488,1,3,2890,4.0,2014.0,0,0.0,0.0,0
488,489,1,1,14960,11.0,2013.0,1,37.0,2009.0,2
489,490,1,1,660,4.0,2013.0,1,40.0,2014.0,2
490,491,4,3,4680,9.0,2013.0,1,22.0,2012.0,3
491,492,1,1,1740,3.0,2008.0,1,40.0,2012.0,2
492,493,4,3,1150,9.0,2013.0,1,14.0,2011.0,2
493,494,2,1,1260,6.0,2011.0,0,0.0,0.0,0
494,495,4,1,5470,9.0,2013.0,1,37.0,2009.0,2
495,496,4,3,2780,6.0,2015.0,0,0.0,0.0,0
496,497,1,3,1610,9.0,2013.0,0,0.0,0.0,0
497,498,1,1,990,9.0,2013.0,1,40.0,2014.0,2
498,499,3,3,450,9.0,2013.0,1,5.0,2013.0,1
499,500,4,3,10690,9.0,2007.0,1,5.0,2013.0,2
500,501,1,3,1620,9.0,2006.0,0,0.0,0.0,0
501,502,1,1,220,2.0,2002.0,1,37.0,2009.0,2
502,503,4,3,13080,9.0,2006.0,1,14.0,2011.0,2
503,504,3,3,820,9.0,2013.0,0,0.0,0.0,0
504,505,1,1,350,9.0,2013.0,1,5.0,2013.0,1
505,506,1,1,1850,12.0,2014.0,1,18.0,2011.0,1
506,507,1,3,9070,4.0,2011.0,1,37.0,2009.0,2
507,508,1,3,1280,9.0,2013.0,1,40.0,2011.0,2
508,509,1,1,4740,7.0,2008.0,1,37.0,2009.0,2
509,510,1,3,8260,9.0,2013.0,0,0.0,0.0,0
510,511,1,1,2060,9.0,2009.0,0,0.0,0.0,0
511,512,2,2,590,9.0,2013.0,1,5.0,2013.0,3
512,513,1,1,400,8.0,2013.0,0,0.0,0.0,0
513,514,3,3,1200,7.0,2012.0,1,27.0,2012.0,2
514,515,4,3,11260,9.0,2013.0,1,9.0,2011.0,1
515,516,1,3,20,9.0,2013.0,1,35.0,2010.0,3
516,517,1,3,22490,9.0,2013.0,0,0.0,0.0,0
517,518,4,3,3330,3.0,2015.0,1,13.0,2010.0,2
518,519,3,3,2510,8.0,2009.0,1,1.0,2012.0,2
519,520,1,3,6900,9.0,2013.0,1,40.0,2012.0,3
520,521,4,1,18610,11.0,2002.0,1,48.0,2011.0,3
521,522,4,3,7160,11.0,2012.0,1,9.0,2011.0,2
522,523,3,3,50,11.0,2013.0,0,0.0,0.0,0
523,524,1,3,40860,9.0,2013.0,0,0.0,0.0,0
524,525,4,3,1870,9.0,2013.0,0,0.0,0.0,0
525,526,1,1,120,9.0,2013.0,1,48.0,2011.0,3
526,527,4,3,5830,4.0,2008.0,0,0.0,0.0,0
527,528,1,3,20620,9.0,2013.0,1,37.0,2009.0,2
528,529,4,3,12920,9.0,2012.0,0,0.0,0.0,0
529,530,1,3,18160,9.0,2013.0,0,0.0,0.0,0
530,531,1,3,4030,9.0,2013.0,0,0.0,0.0,0
531,532,1,3,1070,8.0,2010.0,0,0.0,0.0,0
532,533,1,3,5950,9.0,2013.0,0,0.0,0.0,0
533,534,4,1,1200,9.0,2009.0,1,45.0,2009.0,2
534,535,1,1,3570,4.0,2007.0,0,0.0,0.0,0
535,536,1,3,4700,9.0,2002.0,1,31.0,2013.0,1
536,537,1,1,600,5.0,2002.0,1,1.0,2012.0,2
537,538,1,1,990,2.0,2010.0,0,0.0,0.0,0
538,539,1,1,770,5.0,2013.0,1,40.0,2014.0,2
539,540,4,3,810,9.0,2013.0,1,48.0,2012.0,2
540,541,1,3,650,7.0,1990.0,0,0.0,0.0,0
541,542,1,1,7280,9.0,2012.0,1,1.0,2013.0,2
542,543,3,1,1080,12.0,2012.0,0,0.0,0.0,0
543,544,1,1,250,12.0,2001.0,1,13.0,2010.0,2
544,545,1,3,5020,5.0,2006.0,1,18.0,2014.0,1
545,546,1,1,580,1.0,2005.0,0,0.0,0.0,0
546,547,4,3,8990,11.0,2009.0,1,35.0,2010.0,3
547,548,4,3,3760,2.0,2009.0,0,0.0,0.0,0
548,549,1,3,2330,9.0,2013.0,0,0.0,0.0,0
549,550,4,3,50,6.0,2015.0,0,0.0,0.0,0
550,551,1,3,2190,9.0,2013.0,0,0.0,0.0,0
551,552,1,1,4260,7.0,2008.0,1,37.0,2009.0,2
552,553,3,1,3040,9.0,2002.0,1,13.0,2010.0,2
553,554,3,3,1200,9.0,2013.0,0,0.0,0.0,0
554,555,4,1,1560,1.0,2014.0,1,10.0,2013.0,3
555,556,4,3,1140,11.0,2014.0,0,0.0,0.0,0
556,557,1,1,250,9.0,2013.0,0,0.0,0.0,0
557,558,1,1,3000,2.0,2010.0,0,0.0,0.0,0
558,559,4,1,3910,11.0,2006.0,1,5.0,2013.0,1
559,560,3,3,1910,7.0,2013.0,0,0.0,0.0,0
560,561,4,1,14300,9.0,2013.0,0,0.0,0.0,0
561,562,2,3,1210,9.0,2013.0,0,0.0,0.0,0
562,563,1,1,700,3.0,2015.0,1,10.0,2014.0,2
563,564,4,3,6540,9.0,2013.0,1,14.0,2013.0,2
564,565,1,3,160,7.0,2007.0,0,0.0,0.0,0
565,566,1,1,3620,9.0,2013.0,1,40.0,2013.0,2
566,567,3,1,1010,9.0,2012.0,1,18.0,2011.0,1
567,568,4,3,4270,9.0,2013.0,1,1.0,2013.0,2
568,569,1,1,1340,9.0,2006.0,0,0.0,0.0,0
569,570,1,1,180,11.0,2006.0,0,0.0,0.0,0
570,571,4,1,2110,11.0,1995.0,1,40.0,2014.0,2
571,572,4,3,9230,4.0,2004.0,1,37.0,2009.0,2
572,573,1,1,1190,11.0,2012.0,1,36.0,2013.0,2
573,574,4,1,4400,9.0,2013.0,0,0.0,0.0,0
574,575,1,1,960,5.0,2008.0,1,13.0,2010.0,2
575,576,3,1,50,11.0,2006.0,0,0.0,0.0,0
576,577,1,3,2270,9.0,2013.0,1,35.0,2012.0,3
577,578,4,1,12700,4.0,2013.0,0,0.0,0.0,0
578,579,3,1,20970,11.0,2012.0,0,0.0,0.0,0
579,580,1,3,170,2.0,2009.0,0,0.0,0.0,0
580,581,1,1,7250,12.0,2013.0,0,0.0,0.0,0
581,582,1,1,120,9.0,2013.0,0,0.0,0.0,0
582,583,1,1,2640,11.0,2002.0,0,0.0,0.0,0
583,584,4,1,1360,9.0,2013.0,1,35.0,2010.0,3
584,585,4,3,440,4.0,2014.0,0,0.0,0.0,0
585,586,1,3,250,10.0,2008.0,0,0.0,0.0,0
586,587,4,3,330,9.0,2006.0,1,14.0,2011.0,2
587,588,4,3,15720,3.0,2010.0,0,0.0,0.0,0
588,589,1,3,360,9.0,2013.0,1,18.0,2013.0,1
589,590,4,3,4520,9.0,2010.0,1,31.0,2013.0,2
590,591,1,3,3340,9.0,2013.0,1,22.0,2012.0,3
591,592,1,1,2540,6.0,2005.0,0,0.0,0.0,0
592,593,1,3,33060,3.0,2010.0,0,0.0,0.0,0
593,594,1,1,1790,10.0,2011.0,0,0.0,0.0,0
594,595,3,3,1130,6.0,2015.0,0,0.0,0.0,0
595,596,3,1,290,9.0,2006.0,0,0.0,0.0,0
596,597,1,1,150,9.0,2008.0,1,1.0,2012.0,3
597,598,3,1,550,12.0,2013.0,1,40.0,2014.0,2
598,599,4,3,580,11.0,2014.0,0,0.0,0.0,0
599,600,4,3,17340,6.0,2010.0,1,9.0,2011.0,1
600,601,4,1,8220,4.0,2014.0,1,14.0,2011.0,2
601,602,1,1,2710,7.0,2001.0,1,22.0,2012.0,3
602,603,1,1,340,4.0,2007.0,1,13.0,2010.0,2
603,604,4,1,10950,3.0,2014.0,0,0.0,0.0,0
604,605,4,1,10310,4.0,2003.0,1,37.0,2009.0,2
605,606,1,1,2260,11.0,2007.0,0,0.0,0.0,0
606,607,1,1,350,8.0,1999.0,1,14.0,2011.0,2
607,608,1,3,18370,2.0,2013.0,1,14.0,2011.0,2
608,609,1,1,2070,9.0,2007.0,0,0.0,0.0,0
609,610,1,1,660,1.0,2007.0,0,0.0,0.0,0
610,611,1,1,8080,12.0,2002.0,1,40.0,2014.0,2
611,612,4,3,2490,11.0,2012.0,1,31.0,2009.0,2
612,613,3,1,250,6.0,2007.0,1,14.0,2011.0,2
613,614,1,1,1160,12.0,2012.0,0,0.0,0.0,0
614,615,4,1,730,8.0,2007.0,0,0.0,0.0,0
615,616,1,3,3040,8.0,2011.0,1,35.0,2010.0,3
616,617,1,3,8940,9.0,2013.0,1,9.0,2011.0,2
617,618,4,3,9910,9.0,2013.0,0,0.0,0.0,0
618,619,1,1,1600,6.0,2006.0,1,45.0,2009.0,1
619,620,4,3,5440,9.0,2013.0,1,40.0,2014.0,2
620,621,1,1,30,7.0,2002.0,0,0.0,0.0,0
621,622,1,3,2325,9.0,2013.0,0,0.0,0.0,0
622,623,1,1,4080,3.0,2011.0,1,13.0,2010.0,2
623,624,1,3,6920,9.0,2011.0,0,0.0,0.0,0
624,625,1,1,1170,4.0,2011.0,1,22.0,2012.0,1
625,626,3,3,10740,11.0,2013.0,0,0.0,0.0,0
626,627,3,3,3970,3.0,2010.0,0,0.0,0.0,0
627,628,1,3,2180,9.0,2013.0,0,0.0,0.0,0
628,629,4,1,510,7.0,2014.0,1,23.0,2015.0,3
629,630,1,1,1690,4.0,2015.0,0,0.0,0.0,0
630,631,4,3,2870,9.0,2013.0,1,35.0,2012.0,3
631,632,1,1,3350,2.0,2010.0,0,0.0,0.0,0
632,633,4,1,11640,4.0,2005.0,1,22.0,2011.0,2
633,634,4,1,18610,9.0,2013.0,0,0.0,0.0,0
634,635,1,1,27530,4.0,2014.0,0,0.0,0.0,0
635,636,3,1,720,10.0,2004.0,1,13.0,2010.0,2
636,637,4,3,9790,9.0,2013.0,1,31.0,2009.0,1
637,638,4,1,10170,11.0,2001.0,0,0.0,0.0,0
638,639,1,1,7780,11.0,2006.0,0,0.0,0.0,0
639,640,4,3,8040,9.0,2013.0,0,0.0,0.0,0
640,641,1,3,610,12.0,2003.0,1,36.0,2013.0,3
641,642,3,3,530,4.0,2005.0,1,35.0,2010.0,3
642,643,1,1,230,6.0,2010.0,1,18.0,2010.0,1
643,644,3,1,4030,12.0,2004.0,1,14.0,2011.0,2
644,645,1,1,90,9.0,2013.0,1,45.0,2009.0,1
645,646,1,1,620,9.0,2014.0,0,0.0,0.0,0
646,647,1,3,7420,4.0,2013.0,0,0.0,0.0,0
647,648,4,1,2130,12.0,2008.0,0,0.0,0.0,0
648,649,1,1,14570,11.0,2002.0,0,0.0,0.0,0
649,650,1,1,1420,10.0,2012.0,1,40.0,2014.0,2
650,651,1,1,200,9.0,2013.0,0,0.0,0.0,0
651,652,1,1,20390,9.0,2013.0,0,0.0,0.0,0
652,653,4,3,7520,7.0,2014.0,1,45.0,2009.0,1
653,654,3,1,6930,9.0,2006.0,0,0.0,0.0,0
654,655,4,3,960,11.0,2012.0,1,5.0,2013.0,1
655,656,4,1,410,4.0,2009.0,1,13.0,2010.0,2
656,657,3,3,80,1.0,2006.0,1,10.0,2014.0,2
657,658,4,3,520,9.0,2013.0,1,37.0,2009.0,2
658,659,4,1,1590,3.0,2012.0,0,0.0,0.0,0
659,660,1,1,1200,11.0,2006.0,1,40.0,2014.0,2
660,661,4,3,2140,7.0,2013.0,0,0.0,0.0,0
661,662,4,1,1070,9.0,2013.0,0,0.0,0.0,0
662,663,1,3,7860,5.0,2005.0,0,0.0,0.0,0
663,664,4,3,1680,10.0,2005.0,0,0.0,0.0,0
664,665,1,1,90,12.0,2012.0,1,14.0,2011.0,2
665,666,3,3,2700,9.0,2013.0,1,9.0,2011.0,3
666,667,4,3,2870,9.0,2012.0,0,0.0,0.0,0
667,668,3,1,1270,9.0,2010.0,0,0.0,0.0,0
668,669,4,1,17080,7.0,2012.0,1,31.0,2013.0,2
669,670,1,1,2060,9.0,2013.0,1,45.0,2009.0,1
670,671,1,3,2070,2.0,2008.0,1,39.0,2010.0,2
671,672,3,1,240,9.0,2002.0,0,0.0,0.0,0
672,673,4,3,15170,9.0,2013.0,1,5.0,2013.0,1
673,674,1,1,2640,12.0,2005.0,1,31.0,2013.0,1
674,675,1,1,2100,8.0,2013.0,1,14.0,2011.0,2
675,676,2,2,1410,9.0,2008.0,0,0.0,0.0,0
676,677,4,1,1740,6.0,2014.0,1,45.0,2009.0,1
677,678,3,1,3250,9.0,2013.0,1,40.0,2011.0,2
678,679,1,1,4140,9.0,2012.0,0,0.0,0.0,0
679,680,3,1,170,9.0,2013.0,1,35.0,2012.0,3
680,681,1,3,620,9.0,2013.0,1,1.0,2014.0,3
681,682,2,1,150,9.0,2006.0,0,0.0,0.0,0
682,683,1,1,2850,7.0,2014.0,0,0.0,0.0,0
683,684,4,3,680,9.0,2013.0,1,22.0,2012.0,2
684,685,1,1,650,11.0,2013.0,1,37.0,2009.0,2
685,686,1,1,20050,4.0,2002.0,0,0.0,0.0,0
686,687,4,3,2770,9.0,2013.0,0,0.0,0.0,0
687,688,1,1,18760,8.0,2015.0,1,14.0,2011.0,2
688,689,4,1,15040,10.0,2004.0,0,0.0,0.0,0
689,690,1,1,100,9.0,2013.0,0,0.0,0.0,0
690,691,4,3,3030,9.0,2013.0,1,37.0,2009.0,2
691,692,1,1,40,8.0,2001.0,0,0.0,0.0,0
692,693,4,1,450,9.0,2013.0,1,40.0,2011.0,2
693,694,1,3,460,11.0,2012.0,1,40.0,2014.0,2
694,695,1,1,550,7.0,2011.0,1,1.0,2012.0,2
695,696,1,3,430,9.0,2013.0,0,0.0,0.0,0
696,697,4,1,3780,9.0,2013.0,1,40.0,2011.0,2
697,698,1,1,1790,5.0,2011.0,0,0.0,0.0,0
698,699,1,1,180,9.0,2013.0,1,5.0,2013.0,2
699,700,1,3,830,9.0,2013.0,1,27.0,2013.0,2
700,701,4,1,1450,3.0,2012.0,1,14.0,2011.0,2
701,702,1,1,8550,9.0,2001.0,1,45.0,2009.0,1
702,703,1,1,80,6.0,2005.0,0,0.0,0.0,0
703,704,4,3,1910,4.0,2009.0,0,0.0,0.0,0
704,705,1,1,4140,9.0,2012.0,1,18.0,2011.0,1
705,706,4,1,7830,9.0,2014.0,1,10.0,2014.0,3
706,707,1,3,2900,7.0,1990.0,0,0.0,0.0,0
707,708,3,3,11470,10.0,2009.0,1,18.0,2014.0,2
708,709,1,1,500,12.0,2010.0,0,0.0,0.0,0
709,710,4,1,1500,9.0,2008.0,1,14.0,2011.0,2
710,711,4,1,17110,3.0,2007.0,1,5.0,2010.0,2
711,712,1,1,4870,9.0,2007.0,1,45.0,2009.0,2
712,713,1,3,220,9.0,2013.0,1,10.0,2014.0,2
713,714,4,3,12070,10.0,2005.0,1,10.0,2013.0,2
714,715,1,1,14810,6.0,2014.0,0,0.0,0.0,0
715,716,4,1,3200,1.0,2008.0,1,22.0,2011.0,2
716,717,4,3,310,9.0,2013.0,1,40.0,2011.0,2
717,718,1,1,1100,6.0,2015.0,0,0.0,0.0,0
718,719,3,3,8190,9.0,2013.0,1,45.0,2009.0,1
719,720,1,3,15320,3.0,2011.0,1,14.0,2013.0,1
720,721,1,3,3590,9.0,2012.0,1,22.0,2012.0,3
721,722,1,1,50,9.0,2013.0,0,0.0,0.0,0
722,723,4,3,5650,9.0,2008.0,1,5.0,2013.0,1
723,724,4,3,5900,9.0,2013.0,0,0.0,0.0,0
724,725,4,3,17540,6.0,2012.0,0,0.0,0.0,0
725,726,1,3,40540,2.0,2002.0,0,0.0,0.0,0
726,727,1,1,2050,3.0,2007.0,0,0.0,0.0,0
727,728,4,1,13990,9.0,2013.0,1,14.0,2011.0,2
728,729,3,3,8980,6.0,2011.0,0,0.0,0.0,0
729,730,3,1,1190,9.0,2013.0,0,0.0,0.0,0
730,731,1,1,15270,9.0,2013.0,1,10.0,2014.0,2
731,732,1,3,35280,9.0,2013.0,0,0.0,0.0,0
732,733,2,2,860,10.0,1999.0,0,0.0,0.0,0
733,734,1,1,220,9.0,2013.0,1,36.0,2013.0,3
734,735,4,3,1920,4.0,2005.0,0,0.0,0.0,0
735,736,3,3,1650,9.0,2013.0,1,14.0,2011.0,2
736,737,1,1,100,5.0,2007.0,1,31.0,2013.0,2
737,738,4,3,5980,10.0,2005.0,0,0.0,0.0,0
738,739,4,3,2770,6.0,2008.0,1,22.0,2011.0,2
739,740,4,1,6400,3.0,2014.0,0,0.0,0.0,0
740,741,4,3,11900,9.0,2013.0,0,0.0,0.0,0
741,742,4,3,4380,9.0,2013.0,0,0.0,0.0,0
742,743,1,1,6710,11.0,2003.0,1,14.0,2012.0,2
743,744,1,1,1370,12.0,2011.0,1,40.0,2014.0,2
744,745,1,1,17650,11.0,2013.0,1,37.0,2009.0,2
745,746,4,3,4330,2.0,2011.0,1,35.0,2011.0,3
746,747,3,3,45740,8.0,2008.0,0,0.0,0.0,0
747,748,4,1,2380,3.0,2010.0,1,14.0,2011.0,2
748,749,1,1,3410,8.0,2011.0,1,14.0,2015.0,2
749,750,4,1,8670,2.0,2002.0,1,14.0,2011.0,2
750,751,1,1,650,10.0,2006.0,0,0.0,0.0,0
751,752,1,1,970,3.0,2013.0,1,31.0,2013.0,1
752,753,4,3,540,11.0,2012.0,1,35.0,2010.0,3
753,754,3,3,380,5.0,2008.0,1,10.0,2014.0,3
754,755,4,3,13130,12.0,2003.0,0,0.0,0.0,0
755,756,1,3,50,9.0,2013.0,1,40.0,2011.0,2
756,757,1,3,3450,9.0,2013.0,0,0.0,0.0,0
757,758,1,3,19780,6.0,2008.0,0,0.0,0.0,0
758,759,1,1,110,11.0,2012.0,1,31.0,2013.0,1
759,760,1,1,560,1.0,2011.0,0,0.0,0.0,0
760,761,1,1,2390,9.0,2012.0,0,0.0,0.0,0
761,762,4,3,1280,9.0,2013.0,1,10.0,2013.0,3
762,763,4,3,32240,3.0,2010.0,0,0.0,0.0,0
763,764,1,3,26490,9.0,2013.0,1,10.0,2014.0,3
764,765,1,3,25430,5.0,1999.0,1,37.0,2009.0,2
765,766,4,3,9820,9.0,2013.0,0,0.0,0.0,0
766,767,1,3,13080,9.0,2013.0,0,0.0,0.0,0
767,768,1,3,2630,9.0,2012.0,0,0.0,0.0,0
768,769,2,2,840,9.0,2013.0,1,48.0,2012.0,2
769,770,1,3,100,4.0,2015.0,0,0.0,0.0,0
770,771,1,1,20640,9.0,2007.0,0,0.0,0.0,0
771,772,4,3,1850,9.0,2013.0,0,0.0,0.0,0
772,773,1,1,200,9.0,2013.0,0,0.0,0.0,0
773,774,1,3,640,9.0,2013.0,0,0.0,0.0,0
774,775,4,3,6970,12.0,2005.0,1,22.0,2011.0,2
775,776,3,1,700,4.0,2009.0,1,14.0,2011.0,2
776,777,4,3,8250,10.0,2004.0,1,10.0,2013.0,3
777,778,1,1,340,6.0,2003.0,1,40.0,2014.0,2
778,779,1,1,16990,4.0,2004.0,0,0.0,0.0,0
779,780,1,1,18160,9.0,2013.0,0,0.0,0.0,0
780,781,1,1,630,4.0,2007.0,0,0.0,0.0,0
781,782,3,3,5390,8.0,2003.0,1,1.0,2012.0,2
782,783,4,3,15490,9.0,2013.0,0,0.0,0.0,0
783,784,1,1,560,10.0,2014.0,1,10.0,2014.0,2
784,785,4,3,970,7.0,2005.0,1,31.0,2013.0,1
785,786,1,1,290,11.0,2006.0,1,5.0,2013.0,1
786,787,3,3,3210,6.0,2009.0,0,0.0,0.0,0
787,788,1,3,1530,3.0,2013.0,0,0.0,0.0,0
788,789,1,3,9770,7.0,2003.0,0,0.0,0.0,0
789,790,4,3,9070,12.0,2003.0,0,0.0,0.0,0
790,791,1,1,5950,4.0,2007.0,0,0.0,0.0,0
791,792,4,1,17280,10.0,2009.0,1,18.0,2011.0,1
792,793,4,1,2710,7.0,2006.0,0,0.0,0.0,0
793,794,3,3,5090,9.0,2006.0,0,0.0,0.0,0
794,795,4,1,510,9.0,2013.0,1,35.0,2010.0,3
795,796,1,3,7180,11.0,2012.0,0,0.0,0.0,0
796,797,1,1,2090,10.0,2012.0,1,40.0,2014.0,2
797,798,1,1,9560,4.0,2001.0,0,0.0,0.0,0
798,799,1,3,2700,9.0,2013.0,0,0.0,0.0,0
799,800,4,1,2020,7.0,2014.0,0,0.0,0.0,0
800,801,4,1,48330,4.0,2013.0,0,0.0,0.0,0
801,802,1,3,910,9.0,2013.0,1,22.0,2011.0,1
802,803,4,1,1760,9.0,2013.0,1,10.0,2014.0,3
803,804,3,3,2100,9.0,2013.0,1,1.0,2013.0,2
804,805,4,1,24770,10.0,2011.0,1,10.0,2014.0,3
805,806,4,1,260,9.0,2013.0,1,44.0,2010.0,1
806,807,1,1,3870,4.0,2008.0,0,0.0,0.0,0
807,808,1,1,18620,9.0,2013.0,1,31.0,2009.0,1
808,809,1,1,12770,10.0,2000.0,0,0.0,0.0,0
809,810,4,3,9640,11.0,2013.0,0,0.0,0.0,0
810,811,1,1,410,9.0,2012.0,0,0.0,0.0,0
811,812,4,1,2590,9.0,2012.0,0,0.0,0.0,0
812,813,1,1,1560,9.0,2003.0,0,0.0,0.0,0
813,814,4,3,24530,7.0,2013.0,0,0.0,0.0,0
814,815,1,1,590,1.0,1900.0,1,40.0,2014.0,2
815,816,3,3,460,9.0,2013.0,0,0.0,0.0,0
816,817,1,1,140,3.0,2006.0,0,0.0,0.0,0
817,818,4,1,490,9.0,2013.0,1,35.0,2010.0,3
818,819,1,3,720,10.0,2014.0,0,0.0,0.0,0
819,820,1,3,1650,9.0,2013.0,1,40.0,2014.0,2
820,821,1,1,1700,9.0,2009.0,0,0.0,0.0,0
821,822,1,3,410,11.0,2010.0,1,48.0,2010.0,3
822,823,1,3,16210,11.0,2010.0,0,0.0,0.0,0
823,824,1,1,17570,9.0,2013.0,0,0.0,0.0,0
824,825,1,1,380,5.0,2011.0,1,40.0,2014.0,2
825,826,1,3,7980,6.0,2005.0,0,0.0,0.0,0
826,827,1,3,250,1.0,2005.0,0,0.0,0.0,0
827,828,4,3,3290,12.0,2014.0,0,0.0,0.0,0
828,829,3,1,110,9.0,2013.0,0,0.0,0.0,0
829,830,1,3,6320,9.0,2013.0,1,5.0,2011.0,2
830,831,1,1,800,6.0,2007.0,0,0.0,0.0,0
831,832,4,1,5070,9.0,2013.0,1,45.0,2009.0,1
832,833,4,3,3290,12.0,1999.0,1,35.0,2010.0,3
833,834,1,1,3470,3.0,2012.0,0,0.0,0.0,0
834,835,1,1,2890,12.0,2007.0,1,10.0,2014.0,3
835,836,1,1,2720,9.0,2012.0,0,0.0,0.0,0
836,837,1,3,14600,4.0,2015.0,0,0.0,0.0,0
837,838,4,3,6890,9.0,2013.0,1,48.0,2011.0,3
838,839,3,1,240,1.0,2015.0,0,0.0,0.0,0
839,840,1,1,1070,9.0,2009.0,0,0.0,0.0,0
840,841,1,1,27650,8.0,2004.0,0,0.0,0.0,0
841,842,4,3,1200,11.0,2007.0,0,0.0,0.0,0
842,843,3,1,60,4.0,2006.0,0,0.0,0.0,0
843,844,1,1,2030,9.0,2012.0,1,18.0,2011.0,1
844,845,4,1,7860,11.0,2005.0,1,14.0,2011.0,2
845,846,1,3,8860,4.0,2004.0,1,37.0,2009.0,2
846,847,3,3,190,9.0,2013.0,1,31.0,2013.0,1
847,848,1,3,370,7.0,2007.0,1,14.0,2011.0,2
848,849,3,3,5000,9.0,2013.0,0,0.0,0.0,0
849,850,4,1,1120,5.0,2007.0,1,31.0,2013.0,2
850,851,4,3,2330,9.0,2013.0,1,49.0,2014.0,3
851,852,3,1,940,4.0,2004.0,1,14.0,2011.0,2
852,853,1,1,14040,9.0,2013.0,0,0.0,0.0,0
853,854,3,1,4770,9.0,2013.0,1,13.0,2010.0,2
854,855,1,1,3440,9.0,2013.0,1,45.0,2009.0,1
855,856,1,1,3020,2.0,2010.0,0,0.0,0.0,0
856,857,3,1,6270,8.0,2005.0,1,23.0,2014.0,3
857,858,1,1,3370,12.0,2008.0,1,40.0,2014.0,2
858,859,3,1,21770,7.0,2015.0,0,0.0,0.0,0
859,860,3,3,5980,2.0,2010.0,0,0.0,0.0,0
860,861,3,3,740,9.0,2013.0,1,14.0,2013.0,3
861,862,1,3,2840,3.0,2010.0,1,14.0,2011.0,2
862,863,1,3,21370,11.0,2010.0,0,0.0,0.0,0
863,864,1,1,1020,10.0,2012.0,1,45.0,2009.0,1
864,865,4,3,2640,9.0,2013.0,0,0.0,0.0,0
865,866,4,1,9680,9.0,2013.0,1,5.0,2013.0,1
866,867,4,3,21810,9.0,2012.0,0,0.0,0.0,0
867,868,4,3,1360,8.0,2005.0,1,10.0,2014.0,2
868,869,3,1,230,10.0,2001.0,1,14.0,2011.0,2
869,870,1,1,780,4.0,2009.0,0,0.0,0.0,0
870,871,4,3,10620,9.0,2013.0,0,0.0,0.0,0
871,872,1,3,3860,9.0,2014.0,1,23.0,2015.0,3
872,873,1,1,2040,11.0,2008.0,0,0.0,0.0,0
873,874,1,1,3210,9.0,2013.0,0,0.0,0.0,0
874,875,4,1,5070,11.0,2007.0,1,18.0,2015.0,1
875,876,1,1,21790,4.0,2005.0,1,18.0,2015.0,1
876,877,1,3,29190,9.0,2013.0,0,0.0,0.0,0
877,878,4,3,1100,12.0,2014.0,0,0.0,0.0,0
878,879,4,1,2325,9.0,2013.0,1,5.0,2013.0,1
879,880,1,3,4570,9.0,2013.0,0,0.0,0.0,0
880,881,1,1,180,3.0,2008.0,1,31.0,2013.0,1
881,882,1,1,30,4.0,2013.0,0,0.0,0.0,0
882,883,1,1,3200,6.0,2005.0,0,0.0,0.0,0
883,884,4,3,7550,9.0,2013.0,0,0.0,0.0,0
884,885,1,1,480,12.0,2005.0,0,0.0,0.0,0
885,886,1,3,12430,10.0,2004.0,0,0.0,0.0,0
886,887,4,1,19700,9.0,2013.0,1,37.0,2009.0,2
887,888,4,1,4450,6.0,2012.0,1,35.0,2012.0,3
888,889,4,1,18670,12.0,2005.0,0,0.0,0.0,0
889,890,1,1,4450,9.0,2013.0,1,14.0,2011.0,2
890,891,1,3,350,9.0,2013.0,1,31.0,2013.0,1
891,892,1,1,19370,4.0,2002.0,0,0.0,0.0,0
892,893,1,1,130,9.0,2013.0,1,1.0,2013.0,2
893,894,1,1,190,11.0,2012.0,0,0.0,0.0,0
894,895,1,3,4150,9.0,2013.0,0,0.0,0.0,0
895,896,1,3,170,9.0,2012.0,0,0.0,0.0,0
896,897,3,3,3290,1.0,2007.0,1,5.0,2013.0,1
897,898,1,1,18540,9.0,2013.0,0,0.0,0.0,0
898,899,4,1,2590,9.0,2013.0,1,13.0,2010.0,2
899,900,1,1,3920,4.0,2005.0,1,40.0,2014.0,2
900,901,1,3,3170,4.0,2014.0,0,0.0,0.0,0
901,902,1,1,310,5.0,2015.0,1,40.0,2014.0,2
902,903,4,3,7290,9.0,2014.0,0,0.0,0.0,0
903,904,4,3,570,7.0,2013.0,1,14.0,2011.0,2
904,905,1,1,90,6.0,2014.0,0,0.0,0.0,0
905,906,1,1,90,7.0,2010.0,0,0.0,0.0,0
906,907,1,3,250,9.0,2013.0,0,0.0,0.0,0
907,908,1,1,1980,7.0,2010.0,1,37.0,2009.0,2
908,909,1,3,1680,9.0,2013.0,1,45.0,2009.0,1
909,910,4,3,12480,9.0,2013.0,1,1.0,2013.0,2
910,911,1,3,16490,9.0,2013.0,0,0.0,0.0,0
911,912,3,3,3100,5.0,2010.0,0,0.0,0.0,0
912,913,1,1,280,9.0,2013.0,0,0.0,0.0,0
913,914,3,3,2640,4.0,2011.0,1,22.0,2012.0,3
914,915,4,3,650,3.0,2013.0,1,40.0,2014.0,2
915,916,1,1,90,11.0,2012.0,0,0.0,0.0,0
916,917,1,1,7240,2.0,2010.0,0,0.0,0.0,0
917,918,1,3,18710,4.0,2015.0,0,0.0,0.0,0
918,919,1,1,2620,9.0,2013.0,1,45.0,2009.0,1
919,920,1,1,850,2.0,2012.0,1,40.0,2014.0,2
920,921,1,1,840,9.0,2006.0,0,0.0,0.0,0
921,922,4,1,2110,3.0,2006.0,0,0.0,0.0,0
922,923,1,1,280,9.0,2008.0,0,0.0,0.0,0
923,924,1,1,6420,4.0,2011.0,1,1.0,2012.0,2
924,925,3,1,470,3.0,2007.0,1,1.0,2012.0,2
925,926,4,3,5150,3.0,2011.0,1,13.0,2010.0,2
926,927,1,1,480,9.0,2013.0,0,0.0,0.0,0
927,928,4,3,1090,9.0,2013.0,1,31.0,2013.0,1
928,929,1,3,4820,9.0,2013.0,0,0.0,0.0,0
929,930,1,1,70,9.0,2013.0,0,0.0,0.0,0
930,931,1,3,1480,9.0,2011.0,1,1.0,2012.0,2
931,932,1,1,15700,9.0,2013.0,1,13.0,2010.0,2
932,933,1,3,6270,2.0,2005.0,0,0.0,0.0,0
933,934,1,3,5460,9.0,2013.0,1,14.0,2011.0,2
934,935,1,3,22350,6.0,2010.0,0,0.0,0.0,0
935,936,1,1,580,2.0,2008.0,0,0.0,0.0,0
936,937,4,1,2810,9.0,2013.0,1,10.0,2014.0,2
937,938,1,1,2820,9.0,2009.0,0,0.0,0.0,0
938,939,4,1,1340,9.0,2013.0,0,0.0,0.0,0
939,940,4,3,6470,9.0,2012.0,0,0.0,0.0,0
940,941,1,1,1200,12.0,2011.0,1,31.0,2013.0,2
941,942,4,3,6860,9.0,2013.0,1,18.0,2011.0,2
942,943,4,3,18020,9.0,2013.0,0,0.0,0.0,0
943,944,3,1,1670,7.0,2015.0,0,0.0,0.0,0
944,945,1,3,12480,3.0,2011.0,0,0.0,0.0,0
945,946,1,1,2220,12.0,2011.0,1,14.0,2015.0,2
946,947,1,1,460,3.0,2014.0,1,13.0,2010.0,2
947,948,2,2,1430,9.0,2013.0,0,0.0,0.0,0
948,949,1,1,870,3.0,2006.0,0,0.0,0.0,0
949,950,1,1,8460,11.0,1994.0,0,0.0,0.0,0
950,951,4,3,710,9.0,2013.0,1,40.0,2011.0,2
951,952,4,3,6300,10.0,2013.0,0,0.0,0.0,0
952,953,1,1,19830,4.0,2006.0,1,22.0,2011.0,3
953,954,1,1,390,2.0,2013.0,1,10.0,2014.0,2
954,955,4,3,1690,7.0,2009.0,1,36.0,2013.0,3
955,956,1,1,2330,10.0,2014.0,1,18.0,2011.0,1
956,957,4,3,1420,11.0,2012.0,0,0.0,0.0,0
957,958,1,1,440,11.0,2013.0,0,0.0,0.0,0
958,959,1,3,1060,12.0,2005.0,0,0.0,0.0,0
959,960,4,1,8990,9.0,2013.0,1,31.0,2009.0,1
960,961,4,3,9430,9.0,2013.0,0,0.0,0.0,0
961,962,3,1,260,9.0,2013.0,0,0.0,0.0,0
962,963,1,3,23620,11.0,2013.0,0,0.0,0.0,0
963,964,1,1,270,9.0,2013.0,1,5.0,2013.0,1
964,965,1,3,110,9.0,2013.0,0,0.0,0.0,0
965,966,1,1,760,2.0,2008.0,0,0.0,0.0,0
966,967,1,3,3560,9.0,2013.0,1,36.0,2013.0,2
967,968,3,1,1190,9.0,2013.0,0,0.0,0.0,0
968,969,1,3,600,11.0,1999.0,1,10.0,2013.0,2
969,970,1,1,910,12.0,2014.0,1,37.0,2009.0,2
970,971,3,1,1140,5.0,2011.0,1,14.0,2012.0,3
971,972,1,1,14960,9.0,2013.0,0,0.0,0.0,0
972,973,4,3,330,9.0,2013.0,1,28.0,2012.0,2
973,974,1,1,150,3.0,2011.0,1,40.0,2014.0,2
974,975,1,3,9630,9.0,2013.0,1,14.0,2011.0,2
975,976,1,1,4180,9.0,2013.0,0,0.0,0.0,0
976,977,1,1,520,9.0,2005.0,1,13.0,2010.0,2
977,978,3,3,3890,9.0,2013.0,0,0.0,0.0,0
978,979,1,3,2270,11.0,2005.0,1,14.0,2011.0,2
979,980,1,1,4420,9.0,2005.0,0,0.0,0.0,0
980,981,4,3,2620,11.0,2002.0,0,0.0,0.0,0
981,982,4,1,21930,9.0,2013.0,0,0.0,0.0,0
982,983,1,1,40,3.0,2014.0,1,1.0,2014.0,2
983,984,3,1,440,9.0,2013.0,1,1.0,2013.0,2
984,985,3,3,490,5.0,2007.0,1,13.0,2010.0,2
985,986,1,1,620,10.0,2014.0,1,18.0,2014.0,1
986,987,3,1,1690,6.0,2007.0,0,0.0,0.0,0
987,988,1,1,30,11.0,2012.0,0,0.0,0.0,0
988,989,1,1,1640,6.0,2006.0,1,40.0,2011.0,2
989,990,4,1,20930,9.0,2013.0,0,0.0,0.0,0
990,991,1,1,1010,9.0,2013.0,0,0.0,0.0,0
991,992,1,1,2480,7.0,1990.0,0,0.0,0.0,0
992,993,4,3,3460,10.0,2013.0,1,10.0,2014.0,2
993,994,1,1,2290,7.0,2011.0,1,1.0,2012.0,2
994,995,4,1,6560,12.0,2013.0,0,0.0,0.0,0
995,996,3,1,2870,7.0,2015.0,1,13.0,2010.0,2
996,997,4,3,5840,7.0,2010.0,1,37.0,2009.0,2
997,998,1,1,780,9.0,2005.0,1,5.0,2013.0,1
998,999,4,3,15140,2.0,2002.0,1,37.0,2009.0,2
999,1000,1,3,2230,5.0,2009.0,1,40.0,2014.0,2
1000,1001,3,1,19640,9.0,2013.0,1,14.0,2011.0,2
1001,1002,4,3,1130,11.0,2008.0,0,0.0,0.0,0
1002,1003,1,1,170,7.0,2013.0,1,27.0,2013.0,2
1003,1004,4,3,970,9.0,2013.0,1,9.0,2011.0,3
1004,1005,1,1,6480,9.0,2013.0,0,0.0,0.0,0
1005,1006,3,3,3890,11.0,2006.0,1,5.0,2013.0,1
1006,1007,3,3,4180,9.0,2012.0,0,0.0,0.0,0
1007,1008,1,3,30,9.0,2010.0,0,0.0,0.0,0
1008,1009,1,1,230,7.0,2004.0,1,10.0,2014.0,2
1009,1010,4,3,4610,6.0,2010.0,1,18.0,2010.0,1
1010,1011,1,3,490,9.0,2012.0,1,18.0,2011.0,1
1011,1012,4,3,6330,6.0,2004.0,1,39.0,2010.0,2
1012,1013,1,1,630,2.0,2015.0,1,31.0,2013.0,1
1013,1014,1,3,210,9.0,2013.0,1,31.0,2013.0,2
1014,1015,4,3,9910,12.0,2010.0,1,9.0,2011.0,3
1015,1016,3,3,550,9.0,2013.0,1,35.0,2010.0,3
1016,1017,3,1,110,11.0,2008.0,0,0.0,0.0,0
1017,1018,3,3,140,9.0,2012.0,0,0.0,0.0,0
1018,1019,4,3,2740,7.0,2014.0,1,13.0,2010.0,2
1019,1020,1,1,40,8.0,2015.0,0,0.0,0.0,0
1020,1021,1,1,1080,5.0,2011.0,0,0.0,0.0,0
1021,1022,1,3,1520,9.0,2013.0,0,0.0,0.0,0
1022,1023,3,1,3740,2.0,2002.0,1,14.0,2011.0,2
1023,1024,3,3,1990,1.0,2012.0,0,0.0,0.0,0
1024,1025,1,1,720,11.0,2009.0,0,0.0,0.0,0
1025,1026,3,1,450,6.0,2011.0,1,48.0,2012.0,3
1026,1027,1,3,190,6.0,2008.0,1,40.0,2011.0,2
1027,1028,1,1,150,9.0,2013.0,1,31.0,2013.0,2
1028,1029,1,1,1590,3.0,2006.0,0,0.0,0.0,0
1029,1030,1,1,36410,4.0,2008.0,0,0.0,0.0,0
1030,1031,4,1,590,5.0,2001.0,0,0.0,0.0,0
1031,1032,4,3,270,2.0,2013.0,1,40.0,2012.0,2
1032,1033,1,1,7680,3.0,2006.0,0,0.0,0.0,0
1033,1034,1,1,13750,4.0,2015.0,0,0.0,0.0,0
1034,1035,1,1,27150,9.0,2013.0,0,0.0,0.0,0
1035,1036,4,3,9560,9.0,2013.0,1,36.0,2013.0,2
1036,1037,1,3,150,9.0,2013.0,0,0.0,0.0,0
1037,1038,4,1,17290,10.0,2013.0,0,0.0,0.0,0
1038,1039,1,3,70,6.0,1990.0,1,22.0,2012.0,3
1039,1040,1,1,4030,2.0,2013.0,1,10.0,2014.0,2
1040,1041,3,1,1600,8.0,2013.0,1,40.0,2014.0,2
1041,1042,1,1,3440,9.0,2013.0,1,31.0,2013.0,1
1042,1043,3,1,420,3.0,2006.0,0,0.0,0.0,0
1043,1044,3,1,240,4.0,2015.0,1,13.0,2010.0,2
1044,1045,1,3,26990,12.0,2013.0,0,0.0,0.0,0
1045,1046,4,3,29070,4.0,2005.0,0,0.0,0.0,0
1046,1047,1,1,3750,9.0,2013.0,1,45.0,2009.0,1
1047,1048,4,3,1860,9.0,2012.0,1,40.0,2012.0,2
1048,1049,1,1,370,7.0,2012.0,1,14.0,2011.0,2
1049,1050,4,3,13170,8.0,2014.0,1,9.0,2011.0,3
1050,1051,3,1,200,7.0,1998.0,1,1.0,2012.0,2
1051,1052,1,3,5080,9.0,2013.0,1,31.0,2013.0,1
1052,1053,1,1,1710,7.0,2015.0,0,0.0,0.0,0
1053,1054,1,3,13190,9.0,2013.0,1,45.0,2013.0,1
1054,1055,3,1,1980,4.0,2009.0,0,0.0,0.0,0
1055,1056,4,3,5350,9.0,2013.0,1,40.0,2012.0,2
1056,1057,4,3,3230,11.0,2011.0,0,0.0,0.0,0
1057,1058,1,3,180,9.0,2013.0,1,35.0,2010.0,3
1058,1059,3,1,3380,4.0,2013.0,0,0.0,0.0,0
1059,1060,1,3,3430,9.0,2013.0,1,31.0,2013.0,1
1060,1061,4,3,8110,9.0,2013.0,0,0.0,0.0,0
1061,1062,4,1,190,9.0,2012.0,1,40.0,2012.0,1
1062,1063,1,3,6250,9.0,2013.0,0,0.0,0.0,0
1063,1064,1,3,420,9.0,2013.0,0,0.0,0.0,0
1064,1065,1,1,1290,9.0,2013.0,1,35.0,2011.0,3
1065,1066,1,1,3350,9.0,2013.0,0,0.0,0.0,0
1066,1067,4,3,12020,7.0,2009.0,0,0.0,0.0,0
1067,1068,4,3,5010,9.0,2013.0,1,5.0,2013.0,2
1068,1069,1,3,18050,9.0,2013.0,1,14.0,2011.0,2
1069,1070,3,3,400,10.0,2008.0,0,0.0,0.0,0
1070,1071,1,1,820,3.0,2012.0,1,35.0,2012.0,3
1071,1072,1,3,5380,8.0,2015.0,1,5.0,2010.0,1
1072,1073,1,3,1710,9.0,2013.0,1,44.0,2012.0,2
1073,1074,3,3,3330,10.0,2001.0,1,14.0,2011.0,2
1074,1075,1,3,1410,10.0,2013.0,0,0.0,0.0,0
1075,1076,1,3,90,9.0,2013.0,1,1.0,2013.0,2
1076,1077,1,1,3750,11.0,2001.0,1,35.0,2010.0,3
1077,1078,4,3,670,9.0,2013.0,1,40.0,2011.0,2
1078,1079,1,1,16680,9.0,2013.0,1,37.0,2009.0,2
1079,1080,1,1,2410,9.0,2013.0,1,40.0,2014.0,2
1080,1081,2,1,400,3.0,2006.0,0,0.0,0.0,0
1081,1082,3,1,440,4.0,2002.0,0,0.0,0.0,0
1082,1083,4,3,11540,9.0,2013.0,1,5.0,2013.0,1
1083,1084,1,1,190,9.0,2013.0,1,13.0,2010.0,2
1084,1085,3,1,4030,2.0,2015.0,0,0.0,0.0,0
1085,1086,1,1,180,11.0,2013.0,1,18.0,2011.0,1
1086,1087,4,3,2210,11.0,2011.0,0,0.0,0.0,0
1087,1088,1,1,4300,3.0,2009.0,1,27.0,2013.0,2
1088,1089,4,1,5220,5.0,2009.0,0,0.0,0.0,0
1089,1090,1,1,330,9.0,2013.0,1,14.0,2011.0,2
1090,1091,1,3,9990,9.0,2013.0,0,0.0,0.0,0
1091,1092,1,1,300,7.0,2000.0,1,40.0,2014.0,2
1092,1093,3,3,10450,6.0,2009.0,0,0.0,0.0,0
1093,1094,4,1,2380,3.0,2013.0,1,40.0,2014.0,2
1094,1095,1,1,690,6.0,2007.0,1,14.0,2011.0,2
1095,1096,1,3,1130,9.0,2013.0,1,10.0,2014.0,3
1096,1097,2,2,720,3.0,2002.0,0,0.0,0.0,0
1097,1098,1,1,1830,11.0,2004.0,0,0.0,0.0,0
1098,1099,1,3,200,4.0,2013.0,1,14.0,2013.0,2
1099,1100,1,1,540,9.0,2013.0,1,14.0,2011.0,2
1100,1101,4,3,4060,9.0,2012.0,0,0.0,0.0,0
1101,1102,1,1,850,11.0,2012.0,1,40.0,2014.0,2
1102,1103,4,3,1340,10.0,2006.0,1,5.0,2013.0,1
1103,1104,4,1,260,2.0,2012.0,1,14.0,2011.0,2
1104,1105,3,3,330,11.0,2008.0,1,5.0,2013.0,1
1105,1106,1,3,5330,9.0,2011.0,1,31.0,2013.0,2
1106,1107,1,1,1400,6.0,2012.0,1,13.0,2010.0,2
1107,1108,1,1,540,4.0,2004.0,0,0.0,0.0,0
1108,1109,3,1,3490,4.0,2011.0,1,22.0,2012.0,2
1109,1110,3,3,900,9.0,2010.0,0,0.0,0.0,0
1110,1111,1,1,1900,6.0,2014.0,1,31.0,2013.0,2
1111,1112,3,3,1880,4.0,2006.0,0,0.0,0.0,0
1112,1113,1,3,9260,9.0,2013.0,0,0.0,0.0,0
1113,1114,1,3,870,9.0,2013.0,0,0.0,0.0,0
1114,1115,4,3,5350,9.0,2013.0,1,22.0,2012.0,3
